"annotation_id","annotator","created_at","id","label","lead_time","text","updated_at"
52,"1","2025-01-24T13:56:41.765991Z",51,"[{""start"":0,""end"":4,""text"":""‡§ó‡•É‡§π "",""labels"":[""NOUN""]},{""start"":4,""end"":12,""text"":""‡§≤‡§ï‡•ç‡§∑‡•ç‡§Æ‡•Ä "",""labels"":[""NOUN""]},{""start"":12,""end"":18,""text"":""‡§Ø‡•ã‡§ú‡§®‡§æ "",""labels"":[""NOUN""]},{""start"":18,""end"":21,""text"":""‡§ï‡•Ä "",""labels"":[""ADP""]},{""start"":21,""end"":27,""text"":""‡§∂‡•Å‡§∞‡•Å‡§Ü‡§§"",""labels"":[""NOUN""]},{""start"":28,""end"":30,""text"":""‡§ï‡•á"",""labels"":[""ADP""]},{""start"":31,""end"":35,""text"":""‡§Æ‡•å‡§ï‡•á"",""labels"":[""NOUN""]},{""start"":36,""end"":38,""text"":""‡§™‡§∞"",""labels"":[""ADP""]},{""start"":39,""end"":41,""text"":""PM"",""labels"":[""PROPN""]},{""start"":42,""end"":51,""text"":""Modi-Amit"",""labels"":[""PROPN""]},{""start"":52,""end"":56,""text"":""Shah"",""labels"":[""PROPN""]},{""start"":57,""end"":59,""text"":""‡§ï‡•ã"",""labels"":[""ADP""]},{""start"":60,""end"":71,""text"":""Mallikarjun"",""labels"":[""PROPN""]},{""start"":72,""end"":78,""text"":""Kharge"",""labels"":[""PROPN""]},{""start"":79,""end"":81,""text"":""‡§ï‡§æ"",""labels"":[""ADP""]},{""start"":82,""end"":88,""text"":""‡§ï‡§∞‡§æ‡§∞‡§æ "",""labels"":[""ADJ""]},{""start"":88,""end"":92,""text"":""‡§ú‡§µ‡§æ‡§¨"",""labels"":[""NOUN""]}]",146.523,"‡§ó‡•É‡§π ‡§≤‡§ï‡•ç‡§∑‡•ç‡§Æ‡•Ä ‡§Ø‡•ã‡§ú‡§®‡§æ ‡§ï‡•Ä ‡§∂‡•Å‡§∞‡•Å‡§Ü‡§§ ‡§ï‡•á ‡§Æ‡•å‡§ï‡•á ‡§™‡§∞ PM Modi-Amit Shah ‡§ï‡•ã Mallikarjun Kharge ‡§ï‡§æ ‡§ï‡§∞‡§æ‡§∞‡§æ ‡§ú‡§µ‡§æ‡§¨‡•§","2025-01-24T13:56:41.766022Z"
53,"1","2025-01-24T13:58:34.552167Z",52,"[{""start"":0,""end"":7,""text"":""‡§¶‡•Å‡§®‡§ø‡§Ø‡§æ "",""labels"":[""NOUN""]},{""start"":7,""end"":10,""text"":""‡§ï‡•Ä "",""labels"":[""ADP""]},{""start"":10,""end"":15,""text"":""‡§∏‡§¨‡§∏‡•á "",""labels"":[""ADV""]},{""start"":15,""end"":20,""text"":""‡§¨‡§°‡§º‡•Ä "",""labels"":[""ADJ""]},{""start"":20,""end"":26,""text"":""‡§Æ‡§π‡§ø‡§≤‡§æ "",""labels"":[""NOUN""]},{""start"":26,""end"":35,""text"":""‡§°‡§æ‡§Ø‡§∞‡•á‡§ï‡•ç‡§ü "",""labels"":[""ADJ""]},{""start"":35,""end"":43,""text"":""‡§¨‡•á‡§®‡§ø‡§´‡§ø‡§ü "",""labels"":[""NOUN""]},{""start"":43,""end"":52,""text"":""‡§ü‡•ç‡§∞‡§æ‡§Ç‡§∏‡§´‡§∞ "",""labels"":[""NOUN""]},{""start"":52,""end"":58,""text"":""‡§∏‡•ç‡§ï‡•Ä‡§Æ "",""labels"":[""NOUN""]},{""start"":58,""end"":61,""text"":""‡§Ü‡§ú "",""labels"":[""ADV""]},{""start"":61,""end"":64,""text"":""‡§∏‡•á "",""labels"":[""ADP""]},{""start"":64,""end"":68,""text"":""‡§∂‡•Å‡§∞‡•Ç"",""labels"":[""VERB""]},{""start"":70,""end"":76,""text"":""Gruha "",""labels"":[""PROPN""]},{""start"":76,""end"":84,""text"":""Lakshmi "",""labels"":[""PROPN""]},{""start"":84,""end"":91,""text"":""Yojana "",""labels"":[""PROPN""]},{""start"":91,""end"":100,""text"":""Karnataka"",""labels"":[""PROPN""]}]",110.861,"‡§¶‡•Å‡§®‡§ø‡§Ø‡§æ ‡§ï‡•Ä ‡§∏‡§¨‡§∏‡•á ‡§¨‡§°‡§º‡•Ä ‡§Æ‡§π‡§ø‡§≤‡§æ ‡§°‡§æ‡§Ø‡§∞‡•á‡§ï‡•ç‡§ü ‡§¨‡•á‡§®‡§ø‡§´‡§ø‡§ü ‡§ü‡•ç‡§∞‡§æ‡§Ç‡§∏‡§´‡§∞ ‡§∏‡•ç‡§ï‡•Ä‡§Æ ‡§Ü‡§ú ‡§∏‡•á ‡§∂‡•Å‡§∞‡•Ç| Gruha Lakshmi Yojana Karnataka","2025-01-24T13:58:34.552186Z"
54,"1","2025-01-24T14:00:01.264765Z",53,"[{""start"":1,""end"":9,""text"":""‡§Æ‡§π‡§ø‡§≤‡§æ‡§ì‡§Ç "",""labels"":[""NOUN""]},{""start"":9,""end"":12,""text"":""‡§ï‡•ã "",""labels"":[""ADP""]},{""start"":12,""end"":17,""text"":""‡§§‡•ã‡§π‡§´‡§æ"",""labels"":[""NOUN""]},{""start"":19,""end"":28,""text"":""Congress "",""labels"":[""PROPN""]},{""start"":28,""end"":31,""text"":""‡§π‡§∞ "",""labels"":[""DET""]},{""start"":31,""end"":37,""text"":""‡§Æ‡§π‡•Ä‡§®‡•á "",""labels"":[""NOUN""]},{""start"":37,""end"":42,""text"":""2000 "",""labels"":[""NUM""]},{""start"":42,""end"":48,""text"":""‡§∞‡•Å‡§™‡§Ø‡•á "",""labels"":[""NOUN""]},{""start"":48,""end"":53,""text"":""‡§¶‡•á‡§ó‡•Ä "",""labels"":[""VERB""]},{""start"":55,""end"":61,""text"":""Gruha "",""labels"":[""PROPN""]},{""start"":61,""end"":69,""text"":""Lakshmi "",""labels"":[""PROPN""]},{""start"":69,""end"":76,""text"":""Yojana "",""labels"":[""PROPN""]},{""start"":76,""end"":86,""text"":""Karnataka "",""labels"":[""PROPN""]},{""start"":88,""end"":94,""text"":""Rahul "",""labels"":[""PROPN""]},{""start"":94,""end"":100,""text"":""Gandhi"",""labels"":[""PROPN""]}]",85.651,"""‡§Æ‡§π‡§ø‡§≤‡§æ‡§ì‡§Ç ‡§ï‡•ã ‡§§‡•ã‡§π‡§´‡§æ, Congress ‡§π‡§∞ ‡§Æ‡§π‡•Ä‡§®‡•á 2000 ‡§∞‡•Å‡§™‡§Ø‡•á ‡§¶‡•á‡§ó‡•Ä | Gruha Lakshmi Yojana Karnataka | Rahul Gandhi""","2025-01-24T14:00:01.264802Z"
55,"1","2025-01-24T14:01:54.426428Z",54,"[{""start"":0,""end"":3,""text"":""‡§Ø‡•á "",""labels"":[""NOUN""]},{""start"":3,""end"":9,""text"":""INDIA "",""labels"":[""PROPN""]},{""start"":9,""end"":12,""text"":""‡§ï‡•Ä "",""labels"":[""ADP""]},{""start"":12,""end"":17,""text"":""‡§§‡§æ‡§ï‡§§ "",""labels"":[""NOUN""]},{""start"":17,""end"":20,""text"":""‡§π‡•à "",""labels"":[""VERB""]},{""start"":20,""end"":23,""text"":""‡§ï‡§ø "",""labels"":[""CONJ""]},{""start"":23,""end"":28,""text"":""Modi "",""labels"":[""PROPN""]},{""start"":28,""end"":34,""text"":""‡§∏‡§∞‡§ï‡§æ‡§∞ "",""labels"":[""NOUN""]},{""start"":34,""end"":37,""text"":""Gas"",""labels"":[""NOUN""]},{""start"":38,""end"":47,""text"":""Cylinder "",""labels"":[""NOUN""]},{""start"":47,""end"":50,""text"":""‡§ï‡•á "",""labels"":[""ADP""]},{""start"":50,""end"":54,""text"":""‡§¶‡§æ‡§Æ "",""labels"":[""NOUN""]},{""start"":54,""end"":60,""text"":""‡§ò‡§ü‡§æ‡§®‡•á "",""labels"":[""VERB""]},{""start"":60,""end"":63,""text"":""‡§ï‡•ã "",""labels"":[""ADP""]},{""start"":63,""end"":69,""text"":""‡§Æ‡§ú‡§¨‡•Ç‡§∞ "",""labels"":[""ADJ""]},{""start"":69,""end"":72,""text"":""‡§π‡•à‡§Ç"",""labels"":[""VERB""]},{""start"":74,""end"":82,""text"":""Supriya "",""labels"":[""PROPN""]},{""start"":82,""end"":90,""text"":""Shrinate"",""labels"":[""PROPN""]}]",112.164,"‡§Ø‡•á INDIA ‡§ï‡•Ä ‡§§‡§æ‡§ï‡§§ ‡§π‡•à ‡§ï‡§ø Modi ‡§∏‡§∞‡§ï‡§æ‡§∞ Gas Cylinder ‡§ï‡•á ‡§¶‡§æ‡§Æ ‡§ò‡§ü‡§æ‡§®‡•á ‡§ï‡•ã ‡§Æ‡§ú‡§¨‡•Ç‡§∞ ‡§π‡•à‡§Ç' Supriya Shrinate","2025-01-24T14:01:54.426450Z"
56,"1","2025-01-24T14:04:29.798851Z",55,"[{""start"":1,""end"":5,""text"":""‡§ö‡•Ä‡§® "",""labels"":[""PROPN""]},{""start"":5,""end"":8,""text"":""‡§®‡•á "",""labels"":[""ADP""]},{""start"":8,""end"":12,""text"":""‡§Æ‡•à‡§™ "",""labels"":[""NOUN""]},{""start"":12,""end"":17,""text"":""‡§ú‡§æ‡§∞‡•Ä "",""labels"":[""VERB""]},{""start"":17,""end"":20,""text"":""‡§ï‡§∞ "",""labels"":[""PART""]},{""start"":20,""end"":34,""text"":""‡§Ö‡§∞‡•Ç‡§£‡§æ‡§ö‡§≤-‡§Ö‡§ï‡•ç‡§∏‡§æ‡§à"",""labels"":[""PROPN""]},{""start"":35,""end"":39,""text"":""‡§ö‡§ø‡§® "",""labels"":[""PROPN""]},{""start"":39,""end"":42,""text"":""‡§ï‡•ã "",""labels"":[""ADP""]},{""start"":42,""end"":47,""text"":""‡§Ö‡§™‡§®‡§æ "",""labels"":[""PROPN""]},{""start"":47,""end"":53,""text"":""‡§á‡§≤‡§æ‡§ï‡§æ "",""labels"":[""NOUN""]},{""start"":53,""end"":58,""text"":""‡§¨‡§§‡§æ‡§Ø‡§æ"",""labels"":[""VERB""]},{""start"":60,""end"":66,""text"":""China "",""labels"":[""PROPN""]},{""start"":66,""end"":69,""text"":""‡§ï‡•á "",""labels"":[""ADP""]},{""start"":69,""end"":78,""text"":""‡§¶‡•Å‡§∏‡•ç‡§∏‡§æ‡§π‡§∏ "",""labels"":[""NOUN""]},{""start"":78,""end"":81,""text"":""‡§™‡§∞ "",""labels"":[""ADP""]},{""start"":81,""end"":86,""text"":""Modi "",""labels"":[""PROPN""]},{""start"":86,""end"":90,""text"":""‡§ö‡•Å‡§™ "",""labels"":[""ADJ""]},{""start"":90,""end"":96,""text"":""‡§ï‡•ç‡§Ø‡•ã‡§Ç "",""labels"":[""ADV""]},{""start"":96,""end"":99,""text"":""‡§π‡•à‡§Ç"",""labels"":[""VERB""]}]",154.427,"""‡§ö‡•Ä‡§® ‡§®‡•á ‡§Æ‡•à‡§™ ‡§ú‡§æ‡§∞‡•Ä ‡§ï‡§∞ ‡§Ö‡§∞‡•Ç‡§£‡§æ‡§ö‡§≤-‡§Ö‡§ï‡•ç‡§∏‡§æ‡§à ‡§ö‡§ø‡§® ‡§ï‡•ã ‡§Ö‡§™‡§®‡§æ ‡§á‡§≤‡§æ‡§ï‡§æ ‡§¨‡§§‡§æ‡§Ø‡§æ, China ‡§ï‡•á ‡§¶‡•Å‡§∏‡•ç‡§∏‡§æ‡§π‡§∏ ‡§™‡§∞ Modi ‡§ö‡•Å‡§™ ‡§ï‡•ç‡§Ø‡•ã‡§Ç ‡§π‡•à‡§Ç?""","2025-01-24T14:04:29.798873Z"
57,"1","2025-01-24T14:07:59.801506Z",56,"[{""start"":1,""end"":5,""text"":""‡§≤‡§æ‡§≤ "",""labels"":[""ADJ""]},{""start"":5,""end"":11,""text"":""‡§°‡§æ‡§Ø‡§∞‡•Ä "",""labels"":[""NOUN""]},{""start"":11,""end"":15,""text"":""‡§Æ‡•á‡§Ç "",""labels"":[""ADP""]},{""start"":15,""end"":19,""text"":""BJP "",""labels"":[""PROPN""]},{""start"":19,""end"":22,""text"":""‡§ï‡•á "",""labels"":[""ADP""]},{""start"":22,""end"":32,""text"":""‡§Æ‡§Ç‡§§‡•ç‡§∞‡§ø‡§Ø‡•ã‡§Ç "",""labels"":[""NOUN""]},{""start"":32,""end"":35,""text"":""‡§ï‡•á "",""labels"":[""ADP""]},{""start"":35,""end"":38,""text"":""‡§®‡§æ‡§Æ"",""labels"":[""NOUN""]},{""start"":40,""end"":46,""text"":""‡§¶‡•á‡§ñ‡§§‡•á "",""labels"":[""VERB""]},{""start"":46,""end"":50,""text"":""‡§π‡•à‡§Ç "",""labels"":[""VERB""]},{""start"":50,""end"":55,""text"":""Amit "",""labels"":[""PROPN""]},{""start"":55,""end"":60,""text"":""Shah "",""labels"":[""PROPN""]},{""start"":82,""end"":88,""text"":""Pawan "",""labels"":[""PROPN""]},{""start"":88,""end"":93,""text"":""Khera"",""labels"":[""PROPN""]},{""start"":60,""end"":65,""text"":""‡§ï‡•ç‡§Ø‡§æ "",""labels"":[""PRON_WH""]},{""start"":65,""end"":72,""text"":""‡§ñ‡•Å‡§≤‡§æ‡§∏‡§æ "",""labels"":[""NOUN""]},{""start"":72,""end"":77,""text"":""‡§ï‡§∞‡§§‡•á "",""labels"":[""VERB""]},{""start"":77,""end"":80,""text"":""‡§π‡•à‡§Ç"",""labels"":[""VERB""]}]",315.874,"""‡§≤‡§æ‡§≤ ‡§°‡§æ‡§Ø‡§∞‡•Ä ‡§Æ‡•á‡§Ç BJP ‡§ï‡•á ‡§Æ‡§Ç‡§§‡•ç‡§∞‡§ø‡§Ø‡•ã‡§Ç ‡§ï‡•á ‡§®‡§æ‡§Æ, ‡§¶‡•á‡§ñ‡§§‡•á ‡§π‡•à‡§Ç Amit Shah ‡§ï‡•ç‡§Ø‡§æ ‡§ñ‡•Å‡§≤‡§æ‡§∏‡§æ ‡§ï‡§∞‡§§‡•á ‡§π‡•à‡§Ç- Pawan Khera""","2025-01-24T15:04:06.759050Z"
58,"1","2025-01-24T15:05:58.980098Z",57,"[{""start"":1,""end"":2,""text"":""4"",""labels"":[""NUM""]},{""start"":3,""end"":7,""text"":""‡§¶‡§ø‡§® "",""labels"":[""NOUN""]},{""start"":7,""end"":12,""text"":""‡§™‡§π‡§≤‡•á "",""labels"":[""ADV""]},{""start"":12,""end"":25,""text"":""Modi-Jinping "",""labels"":[""PROPN""]},{""start"":25,""end"":28,""text"":""‡§ï‡•Ä "",""labels"":[""ADP""]},{""start"":28,""end"":35,""text"":""‡§Æ‡•Å‡§≤‡§æ‡§ï‡§æ‡§§"",""labels"":[""NOUN""]},{""start"":37,""end"":40,""text"":""‡§Ö‡§¨ "",""labels"":[""ADV""]},{""start"":40,""end"":44,""text"":""‡§ö‡•Ä‡§® "",""labels"":[""PROPN""]},{""start"":44,""end"":50,""text"":""‡§®‡§ï‡•ç‡§∂‡•á "",""labels"":[""NOUN""]},{""start"":50,""end"":54,""text"":""‡§Æ‡•á‡§Ç "",""labels"":[""ADP""]},{""start"":54,""end"":61,""text"":""‡§Ö‡§∞‡•Å‡§£‡§æ‡§ö‡§≤"",""labels"":[""PROPN""]},{""start"":63,""end"":71,""text"":""‡§Ö‡§ï‡•ç‚Äç‡§∏‡§æ‡§à "",""labels"":[""PROPN""]},{""start"":71,""end"":75,""text"":""‡§ö‡§ø‡§® "",""labels"":[""PROPN""]},{""start"":75,""end"":78,""text"":""‡§ï‡•ã "",""labels"":[""ADP""]},{""start"":78,""end"":83,""text"":""‡§Ö‡§™‡§®‡§æ "",""labels"":[""PROPN""]},{""start"":83,""end"":89,""text"":""‡§á‡§≤‡§æ‡§ï‡§æ "",""labels"":[""NOUN""]},{""start"":89,""end"":93,""text"":""‡§¨‡§§‡§æ "",""labels"":[""VERB""]},{""start"":93,""end"":97,""text"":""‡§∞‡§π‡§æ "",""labels"":[""VERB""]},{""start"":97,""end"":99,""text"":""‡§π‡•à"",""labels"":[""VERB""]}]",111.068,"""4 ‡§¶‡§ø‡§® ‡§™‡§π‡§≤‡•á Modi-Jinping ‡§ï‡•Ä ‡§Æ‡•Å‡§≤‡§æ‡§ï‡§æ‡§§, ‡§Ö‡§¨ ‡§ö‡•Ä‡§® ‡§®‡§ï‡•ç‡§∂‡•á ‡§Æ‡•á‡§Ç ‡§Ö‡§∞‡•Å‡§£‡§æ‡§ö‡§≤, ‡§Ö‡§ï‡•ç‚Äç‡§∏‡§æ‡§à ‡§ö‡§ø‡§® ‡§ï‡•ã ‡§Ö‡§™‡§®‡§æ ‡§á‡§≤‡§æ‡§ï‡§æ ‡§¨‡§§‡§æ ‡§∞‡§π‡§æ ‡§π‡•à‡•§""","2025-01-24T15:05:58.980121Z"
59,"1","2025-01-24T15:08:56.710514Z",58,"[{""start"":1,""end"":4,""text"":""PM "",""labels"":[""PROPN""]},{""start"":4,""end"":9,""text"":""Modi "",""labels"":[""PROPN""]},{""start"":9,""end"":12,""text"":""‡§∏‡•á "",""labels"":[""ADP""]},{""start"":12,""end"":20,""text"":""‡§Æ‡•Å‡§≤‡§æ‡§ï‡§æ‡§§ "",""labels"":[""NOUN""]},{""start"":20,""end"":22,""text"":""‡§ï‡•á"",""labels"":[""ADP""]},{""start"":23,""end"":24,""text"":""4"",""labels"":[""NUM""]},{""start"":25,""end"":29,""text"":""‡§¶‡§ø‡§® "",""labels"":[""NOUN""]},{""start"":29,""end"":33,""text"":""‡§¨‡§æ‡§¶ "",""labels"":[""ADP""]},{""start"":33,""end"":39,""text"":""China "",""labels"":[""PROPN""]},{""start"":39,""end"":42,""text"":""‡§®‡•á "",""labels"":[""ADP""]},{""start"":42,""end"":56,""text"":""‡§Ö‡§∞‡•Å‡§£‡§æ‡§ö‡§≤-‡§Ö‡§ï‡•ç‡§∏‡§æ‡§à"",""labels"":[""PROPN""]},{""start"":57,""end"":60,""text"":""‡§ö‡§ø‡§®"",""labels"":[""PROPN""]},{""start"":61,""end"":64,""text"":""‡§ï‡•ã "",""labels"":[""ADP""]},{""start"":64,""end"":69,""text"":""‡§Ö‡§™‡§®‡§æ "",""labels"":[""PROPN""]},{""start"":69,""end"":75,""text"":""‡§á‡§≤‡§æ‡§ï‡§æ "",""labels"":[""NOUN""]},{""start"":75,""end"":80,""text"":""‡§¨‡§§‡§æ‡§Ø‡§æ"",""labels"":[""VERB""]},{""start"":82,""end"":87,""text"":""‡§≠‡§°‡§º‡§ï‡•á"",""labels"":[""VERB""]},{""start"":88,""end"":94,""text"":""Pawan "",""labels"":[""PROPN""]},{""start"":94,""end"":99,""text"":""Khera"",""labels"":[""PROPN""]}]",93.562,"""PM Modi ‡§∏‡•á ‡§Æ‡•Å‡§≤‡§æ‡§ï‡§æ‡§§ ‡§ï‡•á 4 ‡§¶‡§ø‡§® ‡§¨‡§æ‡§¶ China ‡§®‡•á ‡§Ö‡§∞‡•Å‡§£‡§æ‡§ö‡§≤-‡§Ö‡§ï‡•ç‡§∏‡§æ‡§à ‡§ö‡§ø‡§® ‡§ï‡•ã ‡§Ö‡§™‡§®‡§æ ‡§á‡§≤‡§æ‡§ï‡§æ ‡§¨‡§§‡§æ‡§Ø‡§æ, ‡§≠‡§°‡§º‡§ï‡•á Pawan Khera""","2025-01-24T15:08:56.710536Z"
60,"1","2025-01-24T15:28:18.372622Z",59,"[{""start"":0,""end"":6,""text"":""INDIA "",""labels"":[""PROPN""]},{""start"":42,""end"":48,""text"":""INDIA "",""labels"":[""PROPN""]},{""start"":48,""end"":51,""text"":""Vs "",""labels"":[""PROPN""]},{""start"":51,""end"":55,""text"":""NDA "",""labels"":[""PROPN""]},{""start"":92,""end"":98,""text"":""Mumbai"",""labels"":[""PROPN""]},{""start"":73,""end"":84,""text"":""Opposition "",""labels"":[""NOUN""]},{""start"":84,""end"":92,""text"":""Meeting "",""labels"":[""NOUN""]},{""start"":6,""end"":8,""text"":""‡§ï‡•á"",""labels"":[""ADP""]},{""start"":9,""end"":13,""text"":""‡§∏‡§æ‡§• "",""labels"":[""ADP""]},{""start"":13,""end"":20,""text"":""‡§§‡§∞‡§ï‡•ç‡§ï‡•Ä "",""labels"":[""NOUN""]},{""start"":20,""end"":23,""text"":""‡§ï‡•á "",""labels"":[""ADP""]},{""start"":23,""end"":27,""text"":""‡§∏‡§´‡§∞ "",""labels"":[""NOUN""]},{""start"":27,""end"":30,""text"":""‡§™‡§∞ "",""labels"":[""ADP""]},{""start"":30,""end"":36,""text"":""‡§ö‡§≤‡•á‡§ó‡§æ "",""labels"":[""VERB""]},{""start"":36,""end"":40,""text"":""‡§¶‡•á‡§∂ "",""labels"":[""NOUN""]},{""start"":57,""end"":62,""text"":""2024 "",""labels"":[""NUM""]},{""start"":62,""end"":71,""text"":""Election "",""labels"":[""NOUN""]}]",1157.311,"INDIA ‡§ï‡•á ‡§∏‡§æ‡§• ‡§§‡§∞‡§ï‡•ç‡§ï‡•Ä ‡§ï‡•á ‡§∏‡§´‡§∞ ‡§™‡§∞ ‡§ö‡§≤‡•á‡§ó‡§æ ‡§¶‡•á‡§∂ ‡•§ INDIA Vs NDA | 2024 Election | Opposition Meeting Mumbai","2025-01-24T15:28:18.372654Z"
61,"1","2025-01-24T15:29:37.016460Z",60,"[{""start"":0,""end"":6,""text"":""Patna "",""labels"":[""PROPN""]},{""start"":9,""end"":19,""text"":""Bengaluru "",""labels"":[""PROPN""]},{""start"":29,""end"":36,""text"":""Mumbai "",""labels"":[""PROPN""]},{""start"":46,""end"":52,""text"":""INDIA "",""labels"":[""PROPN""]},{""start"":86,""end"":92,""text"":""Rahul "",""labels"":[""PROPN""]},{""start"":92,""end"":98,""text"":""Gandhi"",""labels"":[""PROPN""]},{""start"":6,""end"":9,""text"":""‡§î‡§∞ "",""labels"":[""CONJ""]},{""start"":19,""end"":21,""text"":""‡§ï‡•á"",""labels"":[""ADP""]},{""start"":22,""end"":26,""text"":""‡§¨‡§æ‡§¶ "",""labels"":[""ADP""]},{""start"":26,""end"":29,""text"":""‡§Ö‡§¨ "",""labels"":[""ADV""]},{""start"":36,""end"":40,""text"":""‡§Æ‡•á‡§Ç "",""labels"":[""ADP""]},{""start"":40,""end"":43,""text"":""‡§ö‡§ï "",""labels"":[""NOUN""]},{""start"":43,""end"":45,""text"":""‡§¶‡•á"",""labels"":[""VERB""]},{""start"":52,""end"":54,""text"":""üáÆüá≥"",""labels"":[""NOUN""]},{""start"":57,""end"":67,""text"":""Opposition"",""labels"":[""NOUN""]},{""start"":68,""end"":76,""text"":""Parties "",""labels"":[""NOUN""]},{""start"":76,""end"":84,""text"":""Meeting "",""labels"":[""NOUN""]}]",77.573,"Patna ‡§î‡§∞ Bengaluru ‡§ï‡•á ‡§¨‡§æ‡§¶ ‡§Ö‡§¨ Mumbai ‡§Æ‡•á‡§Ç ‡§ö‡§ï ‡§¶‡•á INDIA üáÆüá≥ | Opposition Parties Meeting | Rahul Gandhi","2025-01-24T15:29:37.016483Z"
62,"1","2025-01-24T15:30:34.723872Z",61,"[{""start"":0,""end"":6,""text"":""‡§Ø‡§æ‡§§‡•ç‡§∞‡§æ"",""labels"":[""NOUN""]},{""start"":49,""end"":55,""text"":""Yatra "",""labels"":[""PROPN""]},{""start"":37,""end"":44,""text"":""Bharat "",""labels"":[""PROPN""]},{""start"":57,""end"":63,""text"":""Rahul "",""labels"":[""PROPN""]},{""start"":63,""end"":69,""text"":""Gandhi"",""labels"":[""PROPN""]},{""start"":44,""end"":49,""text"":""Jodo "",""labels"":[""PROPN""]},{""start"":8,""end"":11,""text"":""‡§Æ‡•á‡§Ç"",""labels"":[""ADP""]},{""start"":12,""end"":18,""text"":""‡§¨‡•á‡§¨‡§æ‡§ï "",""labels"":[""ADJ""]},{""start"":18,""end"":23,""text"":""‡§¨‡•ã‡§≤‡•á "",""labels"":[""VERB""]},{""start"":23,""end"":29,""text"":""INDIA "",""labels"":[""PROPN""]},{""start"":29,""end"":32,""text"":""‡§ï‡•á "",""labels"":[""ADP""]},{""start"":32,""end"":35,""text"":""‡§≤‡•ã‡§ó"",""labels"":[""NOUN""]}]",56.526,"‡§Ø‡§æ‡§§‡•ç‡§∞‡§æ' ‡§Æ‡•á‡§Ç ‡§¨‡•á‡§¨‡§æ‡§ï ‡§¨‡•ã‡§≤‡•á INDIA ‡§ï‡•á ‡§≤‡•ã‡§ó‡•§ Bharat Jodo Yatra | Rahul Gandhi","2025-01-24T15:30:34.723895Z"
63,"1","2025-01-24T15:31:19.415853Z",62,"[{""start"":1,""end"":10,""text"":""‡§Æ‡§æ‡§§‡§æ-‡§™‡§ø‡§§‡§æ"",""labels"":[""NOUN""]},{""start"":11,""end"":14,""text"":""‡§ï‡•ã "",""labels"":[""ADP""]},{""start"":14,""end"":18,""text"":""‡§∞‡§æ‡§π‡§§"",""labels"":[""NOUN""]},{""start"":20,""end"":29,""text"":""‡§ï‡§æ‡§Ç‡§ó‡•ç‡§∞‡•á‡§∏ "",""labels"":[""PROPN""]},{""start"":54,""end"":63,""text"":""Congress "",""labels"":[""PROPN""]},{""start"":77,""end"":89,""text"":""Chhattisgarh"",""labels"":[""PROPN""]},{""start"":65,""end"":75,""text"":""Rajasthan "",""labels"":[""PROPN""]},{""start"":29,""end"":32,""text"":""‡§ï‡§∞‡§æ"",""labels"":[""VERB""]},{""start"":33,""end"":37,""text"":""‡§∞‡§π‡•Ä "",""labels"":[""VERB""]},{""start"":37,""end"":45,""text"":""‡§¨‡•á‡§ü‡§ø‡§Ø‡•ã‡§Ç "",""labels"":[""NOUN""]},{""start"":45,""end"":48,""text"":""‡§ï‡•Ä "",""labels"":[""ADP""]},{""start"":48,""end"":52,""text"":""‡§∂‡§æ‡§¶‡•Ä"",""labels"":[""NOUN""]}]",43.001,"""‡§Æ‡§æ‡§§‡§æ-‡§™‡§ø‡§§‡§æ ‡§ï‡•ã ‡§∞‡§æ‡§π‡§§, ‡§ï‡§æ‡§Ç‡§ó‡•ç‡§∞‡•á‡§∏ ‡§ï‡§∞‡§æ ‡§∞‡§π‡•Ä ‡§¨‡•á‡§ü‡§ø‡§Ø‡•ã‡§Ç ‡§ï‡•Ä ‡§∂‡§æ‡§¶‡•Ä‡•§ Congress | Rajasthan | Chhattisgarh""","2025-01-24T15:31:19.415876Z"
64,"1","2025-01-24T15:32:28.712397Z",63,"[{""start"":0,""end"":4,""text"":""Modi"",""labels"":[""PROPN""]},{""start"":5,""end"":11,""text"":""Adani "",""labels"":[""PROPN""]},{""start"":60,""end"":66,""text"":""Rahul "",""labels"":[""PROPN""]},{""start"":66,""end"":73,""text"":""Gandhi "",""labels"":[""PROPN""]},{""start"":75,""end"":84,""text"":""Congress "",""labels"":[""PROPN""]},{""start"":86,""end"":89,""text"":""BJP"",""labels"":[""PROPN""]},{""start"":11,""end"":13,""text"":""‡§ï‡•Ä"",""labels"":[""ADP""]},{""start"":14,""end"":21,""text"":""‡§¶‡•ã‡§∏‡•ç‡§§‡•Ä "",""labels"":[""NOUN""]},{""start"":21,""end"":23,""text"":""‡§ï‡•á"",""labels"":[""ADP""]},{""start"":24,""end"":30,""text"":""‡§ö‡§ï‡•ç‡§ï‡§∞ "",""labels"":[""NOUN""]},{""start"":30,""end"":34,""text"":""‡§Æ‡•á‡§Ç "",""labels"":[""ADP""]},{""start"":34,""end"":38,""text"":""‡§¶‡•á‡§∂ "",""labels"":[""NOUN""]},{""start"":38,""end"":45,""text"":""‡§¨‡§∞‡•ç‡§¨‡§æ‡§¶ "",""labels"":[""ADJ""]},{""start"":45,""end"":48,""text"":""‡§π‡•ã "",""labels"":[""VERB""]},{""start"":48,""end"":52,""text"":""‡§∞‡§π‡§æ "",""labels"":[""VERB""]},{""start"":52,""end"":54,""text"":""‡§π‡•à"",""labels"":[""VERB""]}]",68.232,"Modi-Adani ‡§ï‡•Ä ‡§¶‡•ã‡§∏‡•ç‡§§‡•Ä ‡§ï‡•á ‡§ö‡§ï‡•ç‡§ï‡§∞ ‡§Æ‡•á‡§Ç ‡§¶‡•á‡§∂ ‡§¨‡§∞‡•ç‡§¨‡§æ‡§¶ ‡§π‡•ã ‡§∞‡§π‡§æ ‡§π‡•à... | Rahul Gandhi | Congress | BJP","2025-01-24T15:32:28.712421Z"
65,"1","2025-01-24T15:33:42.307644Z",64,"[{""start"":1,""end"":12,""text"":""Mallikarjun"",""labels"":[""PROPN""]},{""start"":13,""end"":20,""text"":""Kharge "",""labels"":[""PROPN""]},{""start"":86,""end"":94,""text"":""Congress"",""labels"":[""PROPN""]},{""start"":74,""end"":84,""text"":""Telangana "",""labels"":[""PROPN""]},{""start"":20,""end"":22,""text"":""‡§®‡•á"",""labels"":[""ADP""]},{""start"":23,""end"":27,""text"":""‡§ï‡§π‡•Ä "",""labels"":[""VERB""]},{""start"":27,""end"":32,""text"":""‡§¨‡§°‡§º‡•Ä "",""labels"":[""ADJ""]},{""start"":32,""end"":35,""text"":""‡§¨‡§æ‡§§"",""labels"":[""NOUN""]},{""start"":37,""end"":41,""text"":""‡§Ö‡§ó‡§∞ "",""labels"":[""CONJ""]},{""start"":41,""end"":49,""text"":""‡§∏‡§Ç‡§µ‡§ø‡§ß‡§æ‡§® "",""labels"":[""NOUN""]},{""start"":49,""end"":54,""text"":""‡§®‡§π‡•Ä‡§Ç "",""labels"":[""PART_NEG""]},{""start"":54,""end"":59,""text"":""‡§π‡•ã‡§§‡§æ "",""labels"":[""VERB""]},{""start"":59,""end"":62,""text"":""‡§§‡•ã "",""labels"":[""CONJ""]},{""start"":62,""end"":65,""text"":""‡§Ü‡§ú "",""labels"":[""ADV""]},{""start"":65,""end"":68,""text"":""‡§Æ‡•à‡§Ç"",""labels"":[""PROPN""]}]",71.964,"""Mallikarjun Kharge ‡§®‡•á ‡§ï‡§π‡•Ä ‡§¨‡§°‡§º‡•Ä ‡§¨‡§æ‡§§, ‡§Ö‡§ó‡§∞ ‡§∏‡§Ç‡§µ‡§ø‡§ß‡§æ‡§® ‡§®‡§π‡•Ä‡§Ç ‡§π‡•ã‡§§‡§æ ‡§§‡•ã ‡§Ü‡§ú ‡§Æ‡•à‡§Ç... | Telangana | Congress""","2025-01-24T15:33:42.307669Z"
66,"1","2025-01-24T15:34:41.932453Z",65,"[{""start"":4,""end"":9,""text"":""2024 "",""labels"":[""NUM""]},{""start"":54,""end"":60,""text"":""INDIA "",""labels"":[""PROPN""]},{""start"":13,""end"":17,""text"":""BJP "",""labels"":[""PROPN""]},{""start"":62,""end"":68,""text"":""Rahul "",""labels"":[""PROPN""]},{""start"":68,""end"":75,""text"":""Gandhi "",""labels"":[""PROPN""]},{""start"":77,""end"":80,""text"":""PM "",""labels"":[""PROPN""]},{""start"":80,""end"":84,""text"":""Modi"",""labels"":[""PROPN""]},{""start"":1,""end"":4,""text"":""‡§π‡§Æ "",""labels"":[""PROPN""]},{""start"":9,""end"":13,""text"":""‡§Æ‡•á‡§Ç "",""labels"":[""ADP""]},{""start"":17,""end"":20,""text"":""‡§ï‡•ã "",""labels"":[""ADP""]},{""start"":20,""end"":24,""text"":""‡§π‡§∞‡§æ "",""labels"":[""VERB""]},{""start"":24,""end"":29,""text"":""‡§¶‡•á‡§Ç‡§ó‡•á"",""labels"":[""VERB""]},{""start"":33,""end"":41,""text"":""‡§ú‡•Å‡§°‡§º‡•á‡§ó‡§æ "",""labels"":[""VERB""]},{""start"":41,""end"":45,""text"":""‡§≠‡§æ‡§∞‡§§"",""labels"":[""PROPN""]},{""start"":47,""end"":54,""text"":""‡§ú‡•Ä‡§§‡•á‡§ó‡§æ "",""labels"":[""VERB""]}]",58.576,"""‡§π‡§Æ 2024 ‡§Æ‡•á‡§Ç BJP ‡§ï‡•ã ‡§π‡§∞‡§æ ‡§¶‡•á‡§Ç‡§ó‡•á... ‡§ú‡•Å‡§°‡§º‡•á‡§ó‡§æ ‡§≠‡§æ‡§∞‡§§, ‡§ú‡•Ä‡§§‡•á‡§ó‡§æ INDIA | Rahul Gandhi | PM Modi""","2025-01-24T15:34:41.932477Z"
67,"1","2025-01-24T15:35:41.156653Z",66,"[{""start"":11,""end"":14,""text"":""2-3"",""labels"":[""NUM""]},{""start"":38,""end"":44,""text"":""Rahul "",""labels"":[""PROPN""]},{""start"":44,""end"":51,""text"":""Gandhi "",""labels"":[""PROPN""]},{""start"":53,""end"":56,""text"":""PM "",""labels"":[""PROPN""]},{""start"":56,""end"":60,""text"":""Modi"",""labels"":[""PROPN""]},{""start"":0,""end"":5,""text"":""‡§Æ‡•ã‡§¶‡•Ä "",""labels"":[""PROPN""]},{""start"":5,""end"":11,""text"":""‡§∏‡§∞‡§ï‡§æ‡§∞ "",""labels"":[""NOUN""]},{""start"":15,""end"":25,""text"":""‡§Ö‡§∞‡§¨‡§™‡§§‡§ø‡§Ø‡•ã‡§Ç "",""labels"":[""NOUN""]},{""start"":25,""end"":28,""text"":""‡§ï‡•Ä "",""labels"":[""ADP""]},{""start"":28,""end"":34,""text"":""‡§∏‡§∞‡§ï‡§æ‡§∞ "",""labels"":[""NOUN""]},{""start"":34,""end"":36,""text"":""‡§π‡•à"",""labels"":[""VERB""]}]",58.252,"‡§Æ‡•ã‡§¶‡•Ä ‡§∏‡§∞‡§ï‡§æ‡§∞ 2-3 ‡§Ö‡§∞‡§¨‡§™‡§§‡§ø‡§Ø‡•ã‡§Ç ‡§ï‡•Ä ‡§∏‡§∞‡§ï‡§æ‡§∞ ‡§π‡•à- Rahul Gandhi | PM Modi","2025-01-24T15:35:41.156679Z"
68,"1","2025-01-24T15:37:15.860842Z",67,"[{""start"":1,""end"":4,""text"":""PM "",""labels"":[""PROPN""]},{""start"":4,""end"":9,""text"":""Modi "",""labels"":[""PROPN""]},{""start"":27,""end"":33,""text"":""Nitin "",""labels"":[""PROPN""]},{""start"":33,""end"":41,""text"":""Gadkari "",""labels"":[""PROPN""]},{""start"":64,""end"":68,""text"":""BJP "",""labels"":[""PROPN""]},{""start"":9,""end"":12,""text"":""‡§ï‡•á "",""labels"":[""ADP""]},{""start"":12,""end"":18,""text"":""‡§∏‡§æ‡§Æ‡§®‡•á "",""labels"":[""ADP""]},{""start"":18,""end"":24,""text"":""‡§ù‡•Å‡§ï‡§®‡•á "",""labels"":[""VERB""]},{""start"":24,""end"":27,""text"":""‡§∏‡•á "",""labels"":[""ADP""]},{""start"":41,""end"":44,""text"":""‡§ï‡§æ "",""labels"":[""ADP""]},{""start"":44,""end"":49,""text"":""‡§á‡§Ç‡§ï‡§æ‡§∞"",""labels"":[""NOUN""]},{""start"":51,""end"":56,""text"":""2024 "",""labels"":[""NUM""]},{""start"":56,""end"":59,""text"":""‡§∏‡•á "",""labels"":[""ADP""]},{""start"":59,""end"":64,""text"":""‡§™‡§π‡§≤‡•á "",""labels"":[""ADV""]},{""start"":68,""end"":72,""text"":""‡§Æ‡•á‡§Ç "",""labels"":[""ADP""]},{""start"":72,""end"":76,""text"":""‡§¨‡•ú‡•Ä "",""labels"":[""ADJ""]},{""start"":76,""end"":81,""text"":""‡§¨‡§ó‡§æ‡§µ‡§§"",""labels"":[""NOUN""]}]",82.879,"""PM Modi ‡§ï‡•á ‡§∏‡§æ‡§Æ‡§®‡•á ‡§ù‡•Å‡§ï‡§®‡•á ‡§∏‡•á Nitin Gadkari ‡§ï‡§æ ‡§á‡§Ç‡§ï‡§æ‡§∞, 2024 ‡§∏‡•á ‡§™‡§π‡§≤‡•á BJP ‡§Æ‡•á‡§Ç ‡§¨‡•ú‡•Ä ‡§¨‡§ó‡§æ‡§µ‡§§‡•§""","2025-01-24T15:37:15.860869Z"
69,"1","2025-01-24T15:38:30.009187Z",68,"[{""start"":1,""end"":4,""text"":""‡§Ø‡•á "",""labels"":[""PROPN""]},{""start"":4,""end"":7,""text"":""‡§π‡•à "",""labels"":[""VERB""]},{""start"":7,""end"":14,""text"":""‡§ó‡•Å‡§ú‡§∞‡§æ‡§§ "",""labels"":[""PROPN""]},{""start"":14,""end"":19,""text"":""‡§Æ‡•â‡§°‡§≤ "",""labels"":[""NOUN""]},{""start"":19,""end"":22,""text"":""‡§ï‡•Ä "",""labels"":[""ADP""]},{""start"":22,""end"":28,""text"":""‡§Ö‡§∏‡§≤‡§ø‡§Ø‡§§"",""labels"":[""NOUN""]},{""start"":30,""end"":33,""text"":""‡§Ö‡§¨ "",""labels"":[""ADV""]},{""start"":33,""end"":38,""text"":""‡§ú‡§®‡§§‡§æ "",""labels"":[""NOUN""]},{""start"":38,""end"":44,""text"":""‡§ù‡§æ‡§Ç‡§∏‡•á "",""labels"":[""NOUN""]},{""start"":44,""end"":48,""text"":""‡§Æ‡•á‡§Ç "",""labels"":[""ADP""]},{""start"":48,""end"":53,""text"":""‡§®‡§π‡•Ä‡§Ç "",""labels"":[""PART_NEG""]},{""start"":53,""end"":58,""text"":""‡§Ü‡§è‡§ó‡•Ä "",""labels"":[""VERB""]},{""start"":58,""end"":63,""text"":""‡§Æ‡•ã‡§¶‡•Ä "",""labels"":[""PROPN""]},{""start"":63,""end"":65,""text"":""‡§ú‡•Ä"",""labels"":[""PROPN""]},{""start"":71,""end"":79,""text"":""Gujarat "",""labels"":[""PROPN""]},{""start"":79,""end"":85,""text"":""Model "",""labels"":[""PROPN""]},{""start"":87,""end"":90,""text"":""PM "",""labels"":[""PROPN""]},{""start"":90,""end"":94,""text"":""Modi"",""labels"":[""PROPN""]}]",73.172,"""‡§Ø‡•á ‡§π‡•à ‡§ó‡•Å‡§ú‡§∞‡§æ‡§§ ‡§Æ‡•â‡§°‡§≤ ‡§ï‡•Ä ‡§Ö‡§∏‡§≤‡§ø‡§Ø‡§§, ‡§Ö‡§¨ ‡§ú‡§®‡§§‡§æ ‡§ù‡§æ‡§Ç‡§∏‡•á ‡§Æ‡•á‡§Ç ‡§®‡§π‡•Ä‡§Ç ‡§Ü‡§è‡§ó‡•Ä ‡§Æ‡•ã‡§¶‡•Ä ‡§ú‡•Ä... | Gujarat Model | PM Modi""","2025-01-24T15:38:30.009218Z"
70,"1","2025-01-24T15:39:22.349126Z",69,"[{""start"":0,""end"":5,""text"":""Amit "",""labels"":[""PROPN""]},{""start"":5,""end"":10,""text"":""Shah "",""labels"":[""PROPN""]},{""start"":13,""end"":25,""text"":""Mallikarjun "",""labels"":[""PROPN""]},{""start"":25,""end"":32,""text"":""Kharge "",""labels"":[""PROPN""]},{""start"":10,""end"":13,""text"":""‡§ï‡•ã "",""labels"":[""ADP""]},{""start"":57,""end"":61,""text"":""BJP "",""labels"":[""PROPN""]},{""start"":82,""end"":92,""text"":""Telangana "",""labels"":[""PROPN""]},{""start"":92,""end"":100,""text"":""Election"",""labels"":[""NOUN""]},{""start"":32,""end"":35,""text"":""‡§®‡•á "",""labels"":[""ADP""]},{""start"":35,""end"":40,""text"":""‡§¶‡§ø‡§Ø‡§æ "",""labels"":[""VERB""]},{""start"":40,""end"":51,""text"":""‡§ù‡§®‡•ç‡§®‡§æ‡§ü‡•á‡§¶‡§æ‡§∞ "",""labels"":[""ADJ""]},{""start"":51,""end"":55,""text"":""‡§ú‡§µ‡§æ‡§¨"",""labels"":[""NOUN""]},{""start"":61,""end"":68,""text"":""‡§®‡•á‡§§‡§æ‡§ì‡§Ç "",""labels"":[""NOUN""]},{""start"":68,""end"":71,""text"":""‡§ï‡•Ä "",""labels"":[""ADP""]},{""start"":71,""end"":77,""text"":""‡§¨‡•ã‡§≤‡§§‡•Ä "",""labels"":[""NOUN""]},{""start"":77,""end"":80,""text"":""‡§¨‡§Ç‡§¶"",""labels"":[""ADJ""]}]",49.058,"Amit Shah ‡§ï‡•ã Mallikarjun Kharge ‡§®‡•á ‡§¶‡§ø‡§Ø‡§æ ‡§ù‡§®‡•ç‡§®‡§æ‡§ü‡•á‡§¶‡§æ‡§∞ ‡§ú‡§µ‡§æ‡§¨‡•§ BJP ‡§®‡•á‡§§‡§æ‡§ì‡§Ç ‡§ï‡•Ä ‡§¨‡•ã‡§≤‡§§‡•Ä ‡§¨‡§Ç‡§¶‡•§ Telangana Election","2025-01-24T15:39:22.349150Z"
71,"1","2025-01-24T15:40:17.826434Z",70,"[{""start"":27,""end"":36,""text"":""Congress "",""labels"":[""PROPN""]},{""start"":56,""end"":68,""text"":""Mallikarjun "",""labels"":[""PROPN""]},{""start"":68,""end"":75,""text"":""Kharge "",""labels"":[""PROPN""]},{""start"":77,""end"":87,""text"":""Telangana "",""labels"":[""PROPN""]},{""start"":87,""end"":95,""text"":""Election"",""labels"":[""NOUN""]},{""start"":9,""end"":13,""text"":""‡§Æ‡•á‡§Ç "",""labels"":[""ADP""]},{""start"":0,""end"":9,""text"":""‡§§‡•á‡§≤‡§Ç‡§ó‡§æ‡§®‡§æ "",""labels"":[""PROPN""]},{""start"":19,""end"":24,""text"":""‡§¨‡§®‡§§‡•á "",""labels"":[""VERB""]},{""start"":13,""end"":19,""text"":""‡§∏‡§∞‡§ï‡§æ‡§∞ "",""labels"":[""NOUN""]},{""start"":24,""end"":27,""text"":""‡§π‡•Ä "",""labels"":[""PART""]},{""start"":36,""end"":39,""text"":""12 "",""labels"":[""NUM""]},{""start"":39,""end"":44,""text"":""‡§µ‡§æ‡§¶‡•á "",""labels"":[""NOUN""]},{""start"":44,""end"":49,""text"":""‡§™‡•Ç‡§∞‡§æ "",""labels"":[""ADJ""]},{""start"":49,""end"":54,""text"":""‡§ï‡§∞‡•á‡§ó‡•Ä"",""labels"":[""VERB""]}]",54.189,"‡§§‡•á‡§≤‡§Ç‡§ó‡§æ‡§®‡§æ ‡§Æ‡•á‡§Ç ‡§∏‡§∞‡§ï‡§æ‡§∞ ‡§¨‡§®‡§§‡•á ‡§π‡•Ä Congress 12 ‡§µ‡§æ‡§¶‡•á ‡§™‡•Ç‡§∞‡§æ ‡§ï‡§∞‡•á‡§ó‡•Ä- Mallikarjun Kharge | Telangana Election","2025-01-24T15:40:17.826458Z"
